Title,URL,Usefulness,Reason,Batch
e2b-dev/desktop: E2B Desktop Sandbox for LLMs,https://github.com/e2b-dev/desktop,Medium,Open source virtual desktop sandbox for AI agents to control desktop environments. 1.1k stars. Interesting for general agent development but not directly relevant to your Hume EVI voice platform work unless you need desktop control capabilities.,Batch 1
Open-source Code Interpreting for AI Apps — E2B,https://e2b.dev/,Medium-High,"E2B platform homepage - Enterprise AI Agent Cloud. Provides sandboxed environments for code execution. Could be useful if building agents that need secure code execution, but your current work focuses on voice conversations and knowledge graphs.",Batch 1
E2B - Code Interpreting for AI apps,https://e2b.dev/dashboard?team=6f2247cc-e121-4034-b456-e0ce66d7cd9d&tab=keys,Low,Your E2B dashboard login page - just a sign-in link. Not useful as a bookmark unless you actively use E2B. Delete if not using.,Batch 1
Pandas-ai,https://pandasai-docs.readthedocs.io/en/latest/,Low-Medium,Python library that adds conversational AI to Pandas dataframes. Lets you query data with natural language. Useful for data analysis tasks but not directly relevant to your voice platform work. Keep only if you do data analysis work.,Batch 2
Browser Use,https://github.com/browser-use,Medium-High,Open source web agent framework (1.7k stars). Builds web agents that can interact with browsers. Relevant to AI agent development but different from voice interfaces. Could be useful if building agents that need web interaction capabilities.,Batch 2
Botsy,https://botsy.org/,Low,WhatsApp chatbot platform - no-code AI chatbot builder for WhatsApp. Not relevant to your Hume EVI voice platform work. Delete unless you have a specific WhatsApp bot project.,Batch 2
Gitingest,https://gitingest.com/,Medium,"Tool to convert Git repositories into prompt-friendly text digests for LLMs. Useful if you need to analyze codebases with AI, but not directly relevant to your voice platform work unless analyzing other codebases.",Batch 3
New Tab,https://browsertools.agentdesk.ai/installation,High,BrowserTools MCP - MCP server for browser automation tools. HIGHLY RELEVANT - you work with MCP servers and this provides browser interaction capabilities for agents. Worth exploring for your agent development work.,Batch 3
AI Creator Pack by ElevenLabs,https://www.aicreatorpack.com/?success=1,Low,"Marketing/promotional page offering discounts on various AI tools (ElevenLabs, HeyGen, etc.). Not useful as a bookmark unless actively claiming deals. Delete after claiming or if not interested.",Batch 3
Thunder Compute | Cheap Cloud GPUs for AI/ML,https://www.thundercompute.com/,Low-Medium,"GPU cloud provider offering 80% cheaper than AWS (Tesla T4 $0.27/hr, A100 $0.78/hr). Useful if you need GPU compute for ML training, but not directly relevant to your voice platform work unless doing ML model training.",Batch 4
letta-ai/agent-file: Agent File (.af),https://github.com/letta-ai/agent-file,High,"Open file format for serializing stateful AI agents with persistent memory and behavior. Allows sharing, checkpointing, and version control of agents. HIGHLY RELEVANT - could be useful for your agent development work, especially for agent persistence and state management.",Batch 4
Durable Execution Solutions | Temporal,https://temporal.io/,High,"Durable execution platform for building reliable workflows. Specifically mentions ""Agents, MCP, & AI Pipelines"" as a use case. Provides fault tolerance, state persistence, and automatic retries. EXTREMELY RELEVANT for building production-ready agent systems. Worth deep exploration.",Batch 4
EVI 3 · Hume AI,https://demo.hume.ai/,High,"Hume EVI 3 demo page - ""The world's most realistic and instructible speech-to-speech foundation model"". DIRECTLY RELEVANT to your voice platform work. Demo page for testing EVI 3 features, voice design, and voice cloning. Keep for reference.",Batch 5
Overview · Hume AI,https://platform.hume.ai/,High,"Hume AI platform dashboard - main interface for EVI, voice library, configurations, tools, and chat history. DIRECTLY RELEVANT - this is the platform you're building on top of. Essential bookmark for your work.",Batch 5
I Built an AI Content Agent With N8N and Claude (Step-by-Step) - YouTube,https://www.youtube.com/watch?v=m9iaJNJE2-M,Medium,"23:30 tutorial video on building AI content agent with N8N workflow automation and Claude. Could be useful for learning agent orchestration patterns, but less directly relevant to your voice platform work. Watch if you need workflow automation ideas.",Batch 5
The recent history of AI in 32 otters - by Ethan Mollick,https://www.oneusefulthing.org/p/the-recent-history-of-ai-in-32-otters,Low-Medium,"Substack article/blog post about AI progress over 3 years. Interesting for staying current on AI trends, but not directly relevant to building your voice platform. Read if you want general AI industry context.",Batch 6
5 Open-Source MCP Servers That'll Make Your AI Agents Unstoppable,https://medium.com/coding-nexus/5-open-source-mcp-servers-thatll-make-your-ai-agents-unstoppable-89498fcada16,High,Medium article listing 5 open-source MCP servers for AI agents. HIGHLY RELEVANT - you work with MCP servers and this could introduce useful tools/resources for your agent development work. Worth reading.,Batch 6
"Molku | Automatic Data Transfer from PDF, PPT, WORD to PDF in Seconds",https://molku.ai/,Low-Medium,Document automation tool for auto-filling PDFs and Google Sheets from source documents. Useful for business automation tasks but not directly relevant to your voice platform work. Keep only if you have document processing needs.,Batch 6
"Weavy | AI-Powered Design Workflows, Built for Creative Pros",https://www.weavy.ai/,Low,Node-based AI design platform for image/video generation workflows. Useful for creative/visual content creation but not relevant to your voice platform work. Delete unless you do visual content work.,Batch 7
58284b19e702b49db9302d5b6f135ad8871e7658.pdf,https://www-cdn.anthropic.com/58284b19e702b49db9302d5b6f135ad8871e7658.pdf,Medium,"Anthropic PDF document (likely technical documentation or research paper). Could be relevant if it's about AI agents/Claude, but unclear without opening. Review the PDF to determine relevance, then decide.",Batch 7
Integrating human insight with AI-generated content: How to maintain E-E-A-T • Yoast,https://yoast.com/integrating-human-insight-ai-generated-content/,Low,"SEO/marketing article about maintaining E-E-A-T (Experience, Expertise, Authoritativeness, Trustworthiness) with AI content. Useful for content marketing but not relevant to building your voice platform. Delete unless doing content marketing.",Batch 7
PostSyncer - Social Media Scheduling Made Simple,https://postsyncer.com/#pricing,Low,Social media scheduling tool for cross-platform posting. Not relevant to your voice platform work. Delete unless you actively use it for social media management.,Batch 8
Adaline,https://www.adaline.ai/,Low-Medium,"AI platform (appears to be for content/design iteration based on URL structure). Not directly relevant to voice platform work. Review if you have specific use case, otherwise delete.",Batch 8
Yapper - AI Voice-Over Any Video,https://yapper.so/upgrade,Low,AI video content creation tool for adding voice-overs to videos. Useful for content creation but not relevant to your Hume EVI voice platform work. Delete unless doing video content creation.,Batch 8
How we built our multi-agent research system \ Anthropic,https://www.anthropic.com/engineering/built-multi-agent-research-system,High,Anthropic engineering article about building multi-agent research systems using Claude agents. HIGHLY RELEVANT - discusses engineering challenges and lessons learned from building multi-agent systems. Directly applicable to your agent development work. Essential reading.,Batch 9
Colin Moore – Jenson Solutions,https://www.jensonsolutions.com/team/colin-moore/,Low,Financial services/consulting company team page. Not relevant to your voice platform work. Delete unless this is a personal/business contact.,Batch 9
I automated an instagram account on full autopilot. Here are the results : r/automation,https://www.reddit.com/r/automation/comments/1lekudj/i_automated_an_instagram_account_on_full/,Low,"Reddit post about automating Instagram account. Social media automation, not relevant to your voice platform work. Delete unless you have specific social media automation needs.",Batch 9
Stripe Accounts - Google Sheets,https://docs.google.com/spreadsheets/d/1g82m3KLN9QI3IZLjc_JI62A8Js5l4HfnyKwr07q8Kas/edit,Low,Personal/work Google Sheet document for Stripe accounts. Not useful as a bookmark unless actively referenced. Delete and access via Google Drive when needed.,Batch 10
Stream | Plans | Adam@franchisecloud.io's Account | Cloudflare,https://dash.cloudflare.com/ee40419996d0caaf502eceb46f74619e/stream/plans,Low-Medium,"Cloudflare Stream dashboard for video streaming plans. Relevant if you use Cloudflare Stream for video in your platform, but dashboard links aren't useful as bookmarks. Access via Cloudflare dashboard when needed.",Batch 10
Daytona - Secure Infrastructure for Running AI-Generated Code,https://www.daytona.io/startups,Medium-High,"Infrastructure platform for securely running AI-generated code. Mentions AI Agents SDK, AI infrastructure, and sandboxing. Could be relevant for agent development infrastructure. Startup program offers $10K-$50K credits. Worth exploring if you need secure code execution for agents.",Batch 10
Scout,https://scout.new/,High,"Redirects to Capy - AI software engineer that ships dozens of features in parallel. Works end-to-end: triages issues, executes code in isolated VMs, pushes PRs to GitHub. Supports VM configuration, GitHub, and AGENTS.md. HIGHLY RELEVANT for agent development and automation. Worth exploring.",Batch 11
CRANQ - Grow Your Influence on X,https://cranq.ai/,Low,DNS resolution failed - site appears to be down or URL incorrect. Delete unless you know the correct URL.,Batch 11
"hesreallyhim/awesome-claude-code: A curated list of awesome commands, files, and workflows for Claude Code",https://github.com/hesreallyhim/awesome-claude-code,High,"Curated list of awesome commands, files, and workflows for Claude Code. HIGHLY RELEVANT - you work with Claude Code and this is a valuable resource for commands, workflows, and best practices. Essential bookmark.",Batch 11
Manage Billing | xAI Docs,https://docs.x.ai/docs/key-information/billing,Low-Medium,"xAI/Grok API billing documentation. Useful if you use Grok API, but not directly relevant to your Hume EVI voice platform work. Keep only if actively using Grok API.",Batch 12
API | xAI,https://x.ai/api,Low-Medium,"xAI API documentation (Cloudflare blocked access). Useful if you use Grok API, but not directly relevant to your voice platform work. Keep only if actively using Grok API.",Batch 12
Claude Code System Prompt and Tool Descriptions,https://gist.github.com/sergeyk/b1eb7bf8fd8db2566c082409dbd3eca9,High,"GitHub Gist containing Claude Code system prompts and tool descriptions. HIGHLY RELEVANT - essential reference for understanding Claude Code capabilities, system prompts, and available tools. Essential bookmark for your Claude Code work.",Batch 12
JetBrains Junie for GitHub,https://www.jetbrains.com/junie-github/,Medium,"AI coding agent that works directly on GitHub - takes over tasks, creates PRs, handles multiple tasks in parallel. Could be useful for code automation/PR management, but less directly relevant to your voice platform work. Worth exploring if you need GitHub automation.",Batch 13
Grok 4 | xAI,https://x.ai/news/grok-4,Low,xAI news page about Grok 4 (Cloudflare blocked access). Not directly relevant to your voice platform work unless you use Grok. Delete unless actively following Grok updates.,Batch 13
Live Search - Guides | xAI Docs,https://docs.x.ai/docs/guides/live-search,Low,xAI documentation for Live Search feature (Cloudflare blocked access). Not directly relevant to your voice platform work unless you use Grok API. Delete unless actively using Grok.,Batch 13
Programmable Workflows | Dagger,https://docs.dagger.io/features/programmability/?sdk=typescript,Medium,"Dagger - CI/CD platform that replaces YAML with code (TypeScript, Go, Python). Has LLM integration features. Useful for CI/CD automation but not directly relevant to your voice platform work unless you need CI/CD improvements.",Batch 14
ChatGPT 5 + Claude Code is a thing of beauty! : r/ClaudeAI,https://www.reddit.com/r/ClaudeAI/comments/1mle79b/chatgpt_5_claude_code_is_a_thing_of_beauty/,Low-Medium,"Reddit discussion post about ChatGPT 5 and Claude Code. Could be interesting for staying current on Claude Code developments, but Reddit posts are ephemeral. Delete unless you want to follow the discussion.",Batch 14
Momentum Sports Technology - Verification - Meta for Developers,https://developers.facebook.com/apps/1825295151667150/verification/,Low,Meta/Facebook Developer app verification page (login required). This is your app's verification dashboard. Not useful as a bookmark - access via Meta dashboard when needed. Delete.,Batch 14
Meta Business Suite,https://business.facebook.com/latest/settings/apps,Low,"Meta Business Suite dashboard page (login required, error page). Not useful as a bookmark - access via Meta dashboard when needed. Delete.",Batch 15
Meta Business Suite,https://business.facebook.com/latest/settings/security_center/,Low,Meta Business Suite security center page (login required). Not useful as a bookmark - access via Meta dashboard when needed. Delete.,Batch 15
Twilio Console,https://console.twilio.com/,Low,Twilio account dashboard (login required). Not useful as a bookmark - access via Twilio dashboard when needed. Delete.,Batch 15
BlazePod Reaction Lights Training for Agility and Reflex Workouts,https://blazepod.eu/en-uk,Low,Physical fitness training equipment (reaction lights). Not relevant to your voice platform work. Delete.,Batch 16
wshobson/agents: Intelligent automation and multi-agent orchestration for Claude Code,https://github.com/wshobson/agents,High,GitHub repo for intelligent automation and multi-agent orchestration for Claude Code. HIGHLY RELEVANT - directly related to your agent development work with Claude Code. Essential bookmark.,Batch 16
Rork — create a mobile app using AI in minutes,https://rork.com/,Low-Medium,"AI tool for building mobile apps using AI and Expo/React Native. Could be useful if you need to build mobile apps, but not directly relevant to your voice platform work unless you're building a mobile client. Keep only if planning mobile app development.",Batch 16
YouTube Video (broken link),https://www.youtube.com/watch?v=YjGXqJqJqJQ,Low,"YouTube video link appears to be broken or unavailable (""This video isn't available anymore""). Delete.",Batch 17
Pandas-ai,https://pandasai-docs.readthedocs.io/en/latest/,Medium,Python library that adds generative AI capabilities to Pandas for conversational data analysis. Could be useful for data analysis tasks but not directly relevant to your voice platform work. Keep if you do data analysis.,Batch 18
Browser Use,https://github.com/browser-use,Medium-High,GitHub repo for browser automation/use. Could be relevant for agent development that needs browser interaction. Worth exploring if you need browser automation capabilities.,Batch 18
Botsy,https://botsy.org/,Low-Medium,AI chatbot platform for WhatsApp. Useful for WhatsApp bot development but not directly relevant to your Hume EVI voice platform work. Keep only if building WhatsApp bots.,Batch 18
Gitingest,https://gitingest.com/,Medium-High,Tool to turn Git repositories into prompt-friendly text digests for LLMs. HIGHLY RELEVANT - useful for feeding codebases into Claude Code or other LLMs. Essential tool for agent development.,Batch 18
New Tab,https://browsertools.agentdesk.ai/installation,High,"BrowserTools MCP - embeds AI code editors and agents into browser for debugging and development. Provides console logs, network requests, screenshots, Lighthouse scans. HIGHLY RELEVANT for agent development and debugging. Essential bookmark.",Batch 18
AI Creator Pack by ElevenLabs,https://www.aicreatorpack.com/,Low,"Bundle of AI creator tools with discounts (ElevenLabs, HeyGen, Luma, etc.). Marketing/promotional page. Not directly relevant to your voice platform work. Delete unless you want the discounts.",Batch 18
Rube,https://rube.app/dashboard/chat,High,"Rube by Composio - AI agent platform that works across 500+ apps (Gmail, Notion, Slack, Linear, etc.). HIGHLY RELEVANT - powerful agent orchestration platform. Essential bookmark for agent development.",Batch 19
Emergent - Build Apps with AI,https://app.emergent.sh/,Medium,Platform for building full-stack web and mobile apps with AI. Could be useful for rapid app development but not directly relevant to your voice platform work. Keep only if building other apps.,Batch 19
"Giving Claude personalisation superpowers with my Google search, YouTube, and Instagram history",https://onfabric.substack.com/p/giving-claude-personalisation-superpowers,High,"Substack article about Fabric MCP - connects Google Search, YouTube, Instagram history to Claude via MCP. HIGHLY RELEVANT - demonstrates personalization and context engineering for agents. Essential reading.",Batch 19
Context Engineering Platform for AI Agents - Zep,https://www.getzep.com/,High,Zep - context engineering platform for AI agents. Systematically engineers relevant context from chat history and business data. HIGHLY RELEVANT for agent memory and context management. Essential bookmark.,Batch 19
Big Board,https://rcsapps.azurewebsites.net/bigboard/,Low,Internal Azure deployment status dashboard for Red Centre Software/Bayes Price services. Not useful as a bookmark - access via internal tools when needed. Delete.,Batch 19
"How to create accurate, fast RAG with Excel files",https://ajac-zero.com/posts/how-to-create-accurate-fast-rag-with-excel-files/,Medium,Blog post about using SQL-based RAG with Excel files for structured retrieval. Useful technique for RAG but not directly relevant to your voice platform work. Keep if doing RAG development.,Batch 19
Cognition | Don't Build Multi-Agents,https://cognition.ai/blog/dont-build-multi-agents,High,Cognition blog post on context engineering principles for building reliable agents. Discusses why multi-agent architectures fail and principles for single-threaded agents. HIGHLY RELEVANT - essential reading for agent architecture decisions.,Batch 20
automazeio/ccpm: Project management system for Claude Code using GitHub Issues and Git worktrees for parallel agent execution.,https://github.com/automazeio/ccpm,High,GitHub repo for project management system for Claude Code using GitHub Issues and Git worktrees. HIGHLY RELEVANT - directly related to your Claude Code workflow. Essential bookmark.,Batch 20
Orchids - The AI Fullstack Engineer,https://www.orchids.app/,Low-Medium,"AI fullstack engineer platform for building prototypes, apps, and websites. Useful for rapid prototyping but not directly relevant to your voice platform work. Keep only if building other apps.",Batch 20
The AI Admaker | Icon,https://icon.com/,Low,"AI ad creation platform for planning, creating, and running ads. Not relevant to your voice platform work. Delete unless you do ad creation.",Batch 20
atypica.AI - The AI Research Agent Simulating Consumers,https://atypica.ai/,Low-Medium,AI research platform for building personas and conducting consumer research interviews. Useful for market research but not directly relevant to your voice platform work. Keep only if doing consumer research.,Batch 20
21st.dev - Craft with AI,https://21st.dev/home,Low-Medium,AI-powered UI component library and design tool. Useful for UI development but not directly relevant to your voice platform work. Keep only if doing UI component work.,Batch 20
"flowith 2.0 - Your AI Creation Workspace, with Knowledge",https://flowith.io/blank,Low-Medium,"AI creation workspace (page appears blank/loading). Could be useful for AI workflows but unclear without content. Review if page loads, otherwise delete.",Batch 21
Smooth Pricing,https://www.smooth.sh/pricing,Medium,Browser automation platform pricing (Smooth by Circlemind). Useful for browser automation/scraping but not directly relevant to your voice platform work. Keep only if you need browser automation.,Batch 21
Capgo - Instant updates for CapacitorJS Apps,https://capgo.app/,Low-Medium,"Over-the-air update service for CapacitorJS mobile apps. Useful if building mobile apps with Capacitor, but not relevant to your voice platform work. Keep only if building mobile apps.",Batch 21
Snow Leopard,https://www.cursorforwrit.ing/,Low,Writing tool (redirects to Saru - AI writing assistant). Not relevant to your voice platform work. Delete.,Batch 21
Olive | Trust Portal | Delve,https://trust.delve.co/olive,Low,Security/compliance trust portal for Olive (appears to be a vendor security page). Not useful as a bookmark. Delete.,Batch 21
B2B SaaS with Clerk,https://clerk.com/b2b-saas,Medium,"Clerk authentication platform for B2B SaaS with organization management. Useful if building multi-tenant SaaS apps, but not directly relevant to your voice platform work. Keep only if building B2B SaaS features.",Batch 21
Dashboard | Bear Blog,https://bearblog.dev/adamknight/dashboard/,Low,Bear Blog dashboard (login required). Personal blog platform dashboard. Not useful as a bookmark - access via Bear Blog when needed. Delete.,Batch 22
Postgres as a Graph Database: (Ab)using pgRouting,https://supabase.com/blog/pgrouting-postgres-graph-database,Medium-High,Supabase blog post about using PostgreSQL as a graph database with pgRouting. RELEVANT - you use PostgreSQL and Memgraph for knowledge graphs. Could provide alternative graph approach. Worth reading.,Batch 22
Newsletters spam test by mail-tester.com,https://www.mail-tester.com/,Low,Email spam testing tool. Useful for email deliverability testing but not relevant to your voice platform work. Delete unless actively testing emails.,Batch 22
Gocertify | Reward Management Platform for Retailers,https://www.gocertify.me/,Low,Retail reward management platform. Not relevant to your voice platform work. Delete.,Batch 22
Confirmation | Heathrow,https://www.heathrow.com/booking/confirmation,Low,Heathrow Airport booking confirmation page (404 error). Personal travel booking. Not useful as a bookmark. Delete.,Batch 22
The National Archives,https://www.nationalarchives.gov.uk/,Low,UK National Archives website. Historical research resource. Not relevant to your voice platform work. Delete unless doing historical research.,Batch 22
FUSE — The Linux Kernel documentation,https://www.kernel.org/doc/html/next/filesystems/fuse.html,Low,Linux FUSE (Filesystem in Userspace) documentation. Low-level filesystem development documentation. Not relevant to your voice platform work. Delete unless doing filesystem development.,Batch 23
VT323 - Google Fonts,https://fonts.google.com/specimen/VT323,Low,Google Fonts specimen page for VT323 font. Font selection bookmark - likely for a specific design project. Delete unless actively using this font.,Batch 23
Geo - Google Fonts,https://fonts.google.com/specimen/Geo,Low,Google Fonts specimen page for Geo font. Font selection bookmark - likely for a specific design project. Delete unless actively using this font.,Batch 23
Bungee Hairline - Google Fonts,https://fonts.google.com/specimen/Bungee+Hairline,Low,Google Fonts specimen page for Bungee Hairline font. Font selection bookmark - likely for a specific design project. Delete unless actively using this font.,Batch 23
Monofett - Google Fonts,https://fonts.google.com/specimen/Monofett,Low,Google Fonts specimen page for Monofett font. Font selection bookmark - likely for a specific design project. Delete unless actively using this font.,Batch 23
Jura - Google Fonts,https://fonts.google.com/specimen/Jura,Low,Google Fonts specimen page for Jura font. Font selection bookmark - likely for a specific design project. Delete unless actively using this font.,Batch 23
Exo 2 - Google Fonts,https://fonts.google.com/specimen/Exo+2,Low,Google Fonts specimen page for Exo 2 font. Font selection bookmark - likely for a specific design project. Delete unless actively using this font.,Batch 24
Chathura - Google Fonts,https://fonts.google.com/specimen/Chathura,Low,Google Fonts specimen page for Chathura font. Font selection bookmark - likely for a specific design project. Delete unless actively using this font.,Batch 24
BlueNotary Pricing | Simple & Transparent Notary Costs,https://bluenotaryapp.com/pricing,Low,BlueNotary pricing page (redirected to spam site). Not relevant to your voice platform work. Delete.,Batch 24
Scribe | Create Step-by-Step Guides — Fast.,https://scribehow.com/,Low-Medium,Scribe - workflow documentation tool that creates step-by-step guides. Useful for documentation but not directly relevant to your voice platform work. Keep only if doing extensive documentation.,Batch 24
Home | England Netball,https://www.englandnetball.co.uk/,Low,England Netball official website. Personal interest/sports bookmark. Not relevant to your voice platform work. Delete unless actively involved with netball.,Batch 24
Creating integrations - Canva Connect APIs Documentation,https://www.canva.dev/docs/connect/creating-integrations/,Low-Medium,Canva Connect APIs documentation for creating integrations. Useful if building Canva integrations but not directly relevant to your voice platform work. Keep only if building Canva integrations.,Batch 24
Luna Award – Circular Eco-Friendly Slate & Wood Trophy – Laser Are Us,https://lasersareus.co.uk/products/luna-award,Low,Product page for Luna Award trophy. Personal purchase bookmark. Not relevant to your voice platform work. Delete.,Batch 25
PostSyncer - Social Media Scheduling Made Simple,https://postsyncer.com/,Low,Social media scheduling tool. Not relevant to your voice platform work. Delete unless actively managing social media.,Batch 25
LIVE NETBALL! Thorns v Kelpies | Aurora Series Test 3 - YouTube,https://www.youtube.com/live/OP3LCTNugw8,Low,YouTube live stream of netball match. Personal interest/sports bookmark. Not relevant to your voice platform work. Delete.,Batch 25
Recycled Temp Buildings – Rent or Sale | Smart Recycle by Smart-Space,https://smart-space.co.uk/smart-recycle/,Low,Temporary building rental/purchase website. Not relevant to your voice platform work. Delete.,Batch 25
SEO Content Distribution & Repurposing Guide by Ilias Ism - Miro,https://miro.com/app/board/uXjVN3TGXu0=/,Low,Miro board (requires login). Personal/project board. Not useful as a bookmark - access via Miro when needed. Delete.,Batch 25
custom tpu patches - Google Search,https://www.google.com/search?q=custom+tpu+patches,Low,Google search results page. Not useful as a bookmark - search again when needed. Delete.,Batch 25
Custom Full Colour TPU - ImprintNow.co.uk,https://www.imprintnow.co.uk/product/patches/full-color-tpu,Low,Product page for custom TPU patches. Personal purchase bookmark. Not relevant to your voice platform work. Delete.,Batch 26
Elevate netball (@elevatenetball_) • Instagram photos and videos,https://www.instagram.com/elevatenetball_/,Low,Instagram profile for Elevate netball. Personal interest/sports bookmark. Not relevant to your voice platform work. Delete.,Batch 26
Tailwind CSS Hero Sections - Flowbite,https://flowbite.com/blocks/marketing/hero/,Low-Medium,Flowbite UI component library - hero sections. Useful for UI development but not directly relevant to your voice platform work. Keep only if doing UI component work.,Batch 26
Thomas Aveling School, Rochester, Kent | Streetspace,https://streetspacestructures.co.uk/case-study/thomas-aveling-school-rochester-kent/,Low,Case study for school canopy installation. Not relevant to your voice platform work. Delete.,Batch 26
Custom Rubber Patches - ImprintNow.co.uk,https://www.imprintnow.co.uk/product/patches/rubber-patches,Low,Product page for custom rubber patches. Personal purchase bookmark. Not relevant to your voice platform work. Delete.,Batch 26
Capacitor by Ionic - Cross-platform apps with web technology,https://capacitorjs.com/,Low-Medium,Capacitor - cross-platform mobile app framework. Useful if building mobile apps but not relevant to your voice platform work. Keep only if building mobile apps.,Batch 26
Auk Mini Bundle,https://www.auk.com/products/auk-mini,Low,Product page for Auk Mini Bundle. Personal purchase bookmark. Not relevant to your voice platform work. Delete.,Batch 27
Pricing | Motion,https://www.usemotion.com/pricing,Low-Medium,Motion - AI workplace/productivity tool pricing. Useful for productivity but not directly relevant to your voice platform work. Keep only if using Motion for productivity.,Batch 27
Simon Sinek's Optimism Library: Leadership Courses - Simon Sinek,https://simonsinek.com/product/the-optimism-library/,Low,Simon Sinek leadership course product page. Personal development bookmark. Not relevant to your voice platform work. Delete.,Batch 27
Lucy/IP - Google Docs,https://docs.google.com/document/d/11Bo-QQcACBxLwmtpAx00iqOUQup0N997Cr4PFIzo-hI/edit,Low,Google Docs document (access denied). Personal document. Not useful as a bookmark - access via Google Docs when needed. Delete.,Batch 27
The Optimism Library,https://simonsinek.thinkific.com/pages/the-optimism-library,Low,Simon Sinek course platform page. Personal development bookmark. Not relevant to your voice platform work. Delete.,Batch 27
Social Wall for Events, Websites & Displays — Walls.io,https://walls.io/,Low,Social media wall/display platform. Not relevant to your voice platform work. Delete unless doing event displays.,Batch 27
Autofill PDFs & Google Sheets in Seconds | Molku,https://molku.ai/,Low-Medium,AI-powered document automation tool for PDF/Google Sheets data transfer. Useful for document processing but not directly relevant to your voice platform work. Keep only if doing document automation.,Batch 28
Weavy | AI-Powered Design Workflows, Built for Creative Pros,https://www.weavy.ai/,Low,AI-powered design workflow platform for creative professionals. Not relevant to your voice platform work. Delete unless doing creative design work.,Batch 28
Anthropic PDF Document,https://www-cdn.anthropic.com/58284b19e702b49db9302d5b6f135ad8871e7658.pdf,Low,PDF document (likely research paper). Not useful as a bookmark - download and save locally if needed. Delete.,Batch 28
Integrating human insight with AI-generated content: How to maintain E-E-A-T • Yoast,https://yoast.com/integrating-human-insight-ai-generated-content/,Low-Medium,SEO blog post about AI content and E-E-A-T. Useful for SEO knowledge but not directly relevant to your voice platform work. Keep only if doing SEO.,Batch 28
Adaline,https://www.adaline.ai/,Low-Medium,AI platform (appears to be design/content related). Not directly relevant to your voice platform work. Keep only if actively using.,Batch 28
Yapper - Make Viral AI Content,https://yapper.so/,Low,AI content creation tool for viral videos. Not relevant to your voice platform work. Delete unless creating viral content.,Batch 28
How we built our multi-agent research system | Anthropic,https://www.anthropic.com/engineering/built-multi-agent-research-system,High,Anthropic blog post about building multi-agent research systems. HIGHLY RELEVANT - directly applicable to your agent development work. Worth reading.,Batch 29
Colin Moore – Jenson Solutions,https://www.jensonsolutions.com/team/colin-moore/,Low,Personal contact/profile page. Not relevant to your voice platform work. Delete.,Batch 29
I automated an instagram account on full autopilot. Here are the results : r/automation,https://www.reddit.com/r/automation/comments/1lekudj/i_automated_an_instagram_account_on_full/,Low,Reddit post about Instagram automation. Not relevant to your voice platform work. Delete.,Batch 29
Stripe Accounts - Google Sheets,https://docs.google.com/spreadsheets/d/1g82m3KLN9QI3IZLjc_JI62A8Js5l4HfnyKwr07q8Kas/edit,Low,Google Sheets document (likely personal/project data). Not useful as a bookmark - access via Google Sheets when needed. Delete.,Batch 29
Stream | Plans | Cloudflare,https://dash.cloudflare.com/ee40419996d0caaf502eceb46f74619e/stream/plans,Low,Cloudflare Stream pricing page (login required). Not useful as a bookmark - access via Cloudflare dashboard when needed. Delete.,Batch 29
Daytona - Secure Infrastructure for Running AI-Generated Code,https://www.daytona.io/startups,Medium-High,Secure infrastructure platform for running AI-generated code. RELEVANT - could be useful for agent execution infrastructure. Worth exploring.,Batch 29
Scout,https://scout.new/,Low-Medium,Unknown tool (likely AI-related). Not directly relevant to your voice platform work. Keep only if actively using.,Batch 29
CRANQ - Grow Your Influence on X,https://cranq.ai/,Low,Social media growth tool. Not relevant to your voice platform work. Delete.,Batch 29
awesome-claude-code: A curated list of awesome commands, files, and workflows for Claude Code,https://github.com/hesreallyhim/awesome-claude-code,High,Curated list of Claude Code commands and workflows. HIGHLY RELEVANT - directly useful for Claude Code development. Worth bookmarking.,Batch 29
Manage Billing | xAI Docs,https://docs.x.ai/docs/key-information/billing,Low-Medium,xAI billing documentation. Useful if using xAI API but not directly relevant to your voice platform work. Keep only if using xAI.,Batch 29
API | xAI,https://x.ai/api,Low-Medium,xAI API documentation. Useful if using xAI API but not directly relevant to your voice platform work. Keep only if using xAI.,Batch 29
Claude Code System Prompt and Tool Descriptions,https://gist.github.com/sergeyk/b1eb7bf8fd8db2566c082409dbd3eca9,High,GitHub Gist with Claude Code system prompt and tool descriptions. HIGHLY RELEVANT - directly useful for Claude Code development. Worth bookmarking.,Batch 29
JetBrains Junie for GitHub,https://www.jetbrains.com/junie-github/,Low-Medium,JetBrains Junie - GitHub integration tool. Useful for development workflow but not directly relevant to your voice platform work. Keep only if using JetBrains IDE.,Batch 29
Grok 4 | xAI,https://x.ai/news/grok-4,Low-Medium,xAI Grok 4 announcement. Useful for staying current with AI news but not directly relevant to your voice platform work. Keep only if following xAI closely.,Batch 29
Live Search - Guides | xAI Docs,https://docs.x.ai/docs/guides/live-search,Low-Medium,xAI Live Search documentation. Useful if using xAI Live Search but not directly relevant to your voice platform work. Keep only if using xAI.,Batch 29
Programmable Workflows | Dagger,https://docs.dagger.io/features/programmability/?sdk=typescript,Medium-High,Dagger - programmable CI/CD workflows. RELEVANT - could be useful for building agent workflows and automation. Worth exploring.,Batch 29
ChatGPT 5 + Claude Code is a thing of beauty! : r/ClaudeAI,https://www.reddit.com/r/ClaudeAI/comments/1mle79b/chatgpt_5_claude_code_is_a_thing_of_beauty/,Low,Reddit post about ChatGPT 5 and Claude Code. Not directly relevant to your voice platform work. Delete.,Batch 29
Momentum Sports Technology - Verification - Meta for Developers,https://developers.facebook.com/apps/1825295151667150/verification/,Low,Meta/Facebook app verification page (login required). Not useful as a bookmark - access via Meta Developer Console when needed. Delete.,Batch 29
Meta Business Suite,https://business.facebook.com/latest/settings/apps,Low,Meta Business Suite settings (login required). Not useful as a bookmark - access via Meta Business Suite when needed. Delete.,Batch 29
Twilio Console,https://console.twilio.com/,Low-Medium,Twilio Console (login required). Useful if using Twilio for voice/SMS but not directly relevant to your voice platform work. Keep only if actively using Twilio.,Batch 29
